sample,sample_source,width,height,method,repeat,order_index,encode_s,verify_s,bytes,source_output_bytes,single_vp8l,rgb_exact
1,webp_lossless_m6.webp,844,1200,0,1,1,0.11049300013110042,0.026644499972462654,1600308,1565790,True,True
1,webp_lossless_m6.webp,844,1200,3,1,2,0.5888066000770777,0.04830450005829334,1574248,1565790,True,True
1,webp_lossless_m6.webp,844,1200,4,1,3,0.5058808999601752,0.034087499836459756,1574248,1565790,True,True
1,webp_lossless_m6.webp,844,1200,6,1,4,1.1551479001063854,0.03382040001451969,1565790,1565790,True,True
1,webp_lossless_m6.webp,844,1200,3,2,1,0.5190808000043035,0.03288309997878969,1574248,1565790,True,True
1,webp_lossless_m6.webp,844,1200,4,2,2,0.5075326000805944,0.03594370000064373,1574248,1565790,True,True
1,webp_lossless_m6.webp,844,1200,6,2,3,1.1689059000927955,0.04674639995209873,1565790,1565790,True,True
1,webp_lossless_m6.webp,844,1200,0,2,4,0.17645129980519414,0.0466020000167191,1600308,1565790,True,True
1,webp_lossless_m6.webp,844,1200,4,3,1,0.7306419999804348,0.03628429980017245,1574248,1565790,True,True
1,webp_lossless_m6.webp,844,1200,6,3,2,1.3225533000659198,0.030443300027400255,1565790,1565790,True,True
1,webp_lossless_m6.webp,844,1200,0,3,3,0.1159109000582248,0.0319580000359565,1600308,1565790,True,True
1,webp_lossless_m6.webp,844,1200,3,3,4,0.5331715999636799,0.03469070000573993,1574248,1565790,True,True
1,webp_lossless_m6.webp,844,1200,6,4,1,1.1909646999556571,0.03410749998874962,1565790,1565790,True,True
1,webp_lossless_m6.webp,844,1200,0,4,2,0.13896710006520152,0.03036849992349744,1600308,1565790,True,True
1,webp_lossless_m6.webp,844,1200,3,4,3,0.6360806000884622,0.03987429989501834,1574248,1565790,True,True
1,webp_lossless_m6.webp,844,1200,4,4,4,0.521754699992016,0.0313705001026392,1574248,1565790,True,True
2,webp_lossless_m6.webp,844,1200,3,1,1,0.25816629990004003,0.016204299870878458,564336,564336,True,True
2,webp_lossless_m6.webp,844,1200,4,1,2,0.2919479999691248,0.016402400098741055,564336,564336,True,True
2,webp_lossless_m6.webp,844,1200,6,1,3,0.4636518000625074,0.019518299959599972,564336,564336,True,True
2,webp_lossless_m6.webp,844,1200,0,1,4,0.20669710007496178,0.023117100121453404,712638,564336,True,True
2,webp_lossless_m6.webp,844,1200,4,2,1,0.2781280998606235,0.017827200004830956,564336,564336,True,True
2,webp_lossless_m6.webp,844,1200,6,2,2,0.2942407000809908,0.015309300040826201,564336,564336,True,True
2,webp_lossless_m6.webp,844,1200,0,2,3,0.20528210001066327,0.02369840000756085,712638,564336,True,True
2,webp_lossless_m6.webp,844,1200,3,2,4,0.2511261000763625,0.01611829991452396,564336,564336,True,True
2,webp_lossless_m6.webp,844,1200,6,3,1,0.289096400141716,0.016766899963840842,564336,564336,True,True
2,webp_lossless_m6.webp,844,1200,0,3,2,0.20586400013417006,0.022745999973267317,712638,564336,True,True
2,webp_lossless_m6.webp,844,1200,3,3,3,0.2653554000426084,0.014637500047683716,564336,564336,True,True
2,webp_lossless_m6.webp,844,1200,4,3,4,0.2941022999584675,0.027197600109502673,564336,564336,True,True
2,webp_lossless_m6.webp,844,1200,0,4,1,0.4543037998955697,0.048834099899977446,712638,564336,True,True
2,webp_lossless_m6.webp,844,1200,3,4,2,0.6712778001092374,0.017911800183355808,564336,564336,True,True
2,webp_lossless_m6.webp,844,1200,4,4,3,0.3407106001395732,0.018527499865740538,564336,564336,True,True
2,webp_lossless_m6.webp,844,1200,6,4,4,0.3146444000303745,0.017205500043928623,564336,564336,True,True
3,webp_lossless_m6.webp,844,1200,4,1,1,0.5755975001957268,0.018991800025105476,681864,682062,True,True
3,webp_lossless_m6.webp,844,1200,6,1,2,1.1903947000391781,0.01817360008135438,682062,682062,True,True
3,webp_lossless_m6.webp,844,1200,0,1,3,0.28669460001401603,0.022857700008898973,843804,682062,True,True
3,webp_lossless_m6.webp,844,1200,3,1,4,0.5827084998600185,0.017169099999591708,681864,682062,True,True
3,webp_lossless_m6.webp,844,1200,6,2,1,1.1778771998360753,0.024276699870824814,682062,682062,True,True
3,webp_lossless_m6.webp,844,1200,0,2,2,0.3172029999550432,0.026067700004205108,843804,682062,True,True
3,webp_lossless_m6.webp,844,1200,3,2,3,0.6480565001256764,0.016388799995183945,681864,682062,True,True
3,webp_lossless_m6.webp,844,1200,4,2,4,0.5891490001231432,0.01768569997511804,681864,682062,True,True
3,webp_lossless_m6.webp,844,1200,0,3,1,0.320407000137493,0.02516769990324974,843804,682062,True,True
3,webp_lossless_m6.webp,844,1200,3,3,2,0.6167409000918269,0.018654700135812163,681864,682062,True,True
3,webp_lossless_m6.webp,844,1200,4,3,3,0.5771238999441266,0.019770400132983923,681864,682062,True,True
3,webp_lossless_m6.webp,844,1200,6,3,4,1.0710447998717427,0.017374300165101886,682062,682062,True,True
3,webp_lossless_m6.webp,844,1200,3,4,1,0.5928300998639315,0.017758799949660897,681864,682062,True,True
3,webp_lossless_m6.webp,844,1200,4,4,2,0.5880056000314653,0.018718400038778782,681864,682062,True,True
3,webp_lossless_m6.webp,844,1200,6,4,3,1.613469999982044,0.01794839999638498,682062,682062,True,True
3,webp_lossless_m6.webp,844,1200,0,4,4,0.2934459999669343,0.0249399000313133,843804,682062,True,True
