sample,width,height,method,repeat,encode_s,verify_s,bytes,source_output_bytes,single_vp8l,rgb_exact
1,844,1200,0,1,0.08795579988509417,0.02341140015050769,1600308,1565790,True,True
1,844,1200,0,2,0.08558590011671185,0.024717000080272555,1600308,1565790,True,True
1,844,1200,0,3,0.08752049994654953,0.024834400042891502,1600308,1565790,True,True
1,844,1200,3,1,0.4451773997861892,0.031918999971821904,1574248,1565790,True,True
1,844,1200,3,2,0.4555334001779556,0.03023819997906685,1574248,1565790,True,True
1,844,1200,3,3,0.4164148001000285,0.02714610006660223,1574248,1565790,True,True
1,844,1200,6,1,0.9630209000315517,0.030778300017118454,1565790,1565790,True,True
1,844,1200,6,2,0.9996752999722958,0.02753819990903139,1565790,1565790,True,True
1,844,1200,6,3,1.06414830009453,0.031890999991446733,1565790,1565790,True,True
2,844,1200,0,1,0.18715209979563951,0.023709699977189302,712638,564336,True,True
2,844,1200,0,2,0.19072580011561513,0.024374600034207106,712638,564336,True,True
2,844,1200,0,3,0.1876660999841988,0.021218999987468123,712638,564336,True,True
2,844,1200,3,1,0.2261006000917405,0.012676799902692437,564336,564336,True,True
2,844,1200,3,2,0.21751129999756813,0.012960100080817938,564336,564336,True,True
2,844,1200,3,3,0.22655749996192753,0.015182199887931347,564336,564336,True,True
2,844,1200,6,1,0.21530479984357953,0.013481100089848042,564336,564336,True,True
2,844,1200,6,2,0.22682689991779625,0.01630200003273785,564336,564336,True,True
2,844,1200,6,3,0.21508580003865063,0.014736399985849857,564336,564336,True,True
3,844,1200,0,1,0.23835110012441874,0.021801399998366833,843804,682062,True,True
3,844,1200,0,2,0.23743549990467727,0.02271709986962378,843804,682062,True,True
3,844,1200,0,3,0.23521039984188974,0.022053300170227885,843804,682062,True,True
3,844,1200,3,1,0.5116806000005454,0.019042300060391426,681864,682062,True,True
3,844,1200,3,2,0.5473976999055594,0.01815859996713698,681864,682062,True,True
3,844,1200,3,3,0.5700697000138462,0.017483199946582317,681864,682062,True,True
3,844,1200,6,1,0.988342999946326,0.019395299954339862,682062,682062,True,True
3,844,1200,6,2,1.187061000149697,0.020420299842953682,682062,682062,True,True
3,844,1200,6,3,1.2932411001529545,0.0223471000790596,682062,682062,True,True
4,842,1200,0,1,0.22481929999776185,0.026154000079259276,590046,465118,True,True
4,842,1200,0,2,0.23499929998070002,0.03564630006439984,590046,465118,True,True
4,842,1200,0,3,0.28270579990930855,0.02284640003927052,590046,465118,True,True
4,842,1200,3,1,0.7689670000690967,0.017767899902537465,476396,465118,True,True
4,842,1200,3,2,0.45777440001256764,0.018073099898174405,476396,465118,True,True
4,842,1200,3,3,0.4816372999921441,0.018711599987000227,476396,465118,True,True
4,842,1200,6,1,0.9795282001141459,0.01575959986075759,465118,465118,True,True
4,842,1200,6,2,0.8280508001334965,0.01764089986681938,465118,465118,True,True
4,842,1200,6,3,0.8406938000116497,0.014947700081393123,465118,465118,True,True
