group,max_bytes,max_ms,max_s,mean_bytes,mean_ms,mean_s,median_bytes,median_ms,median_s,metric,n,p90_bytes,p90_ms,p90_s,variant
reader,,,0.01479359995573759,,,0.010919566654289762,,,0.010819099959917367,wall,24,,,0.01345429988577962,full
reader,,,0.015625,,,0.0013020833333333333,,,0.0,cpu,24,,,0.0,full
reader,,0.9000000953674316,,,0.662500003973643,,,0.7000000476837158,,browser_exec,24,,0.8000001907348633,,full
reader,,0.10000014305114746,,,0.01666667064030965,,,0.0,,summary_exec,24,,0.09999990463256836,,full
reader,13170.0,,,13106.0,,,13080.0,,,payload,24,13170.0,,,full
reader,,,0.006374099990352988,,,0.00497192915645428,,,0.0049686499405652285,wall,24,,,0.0058194000739604235,compact
reader,,,0.015625,,,0.0013020833333333333,,,0.0,cpu,24,,,0.0,compact
reader,,1.5,,,0.7750000158945719,,,0.7999999523162842,,browser_exec,24,,0.9000000953674316,,compact
reader,,0.10000014305114746,,,0.020833333333333332,,,0.0,,summary_exec,24,,0.09999990463256836,,compact
reader,466.0,,,466.0,,,466.0,,,payload,24,466.0,,,compact
native_trace,,,0.28509850008413196,,,0.16652928334466802,,,0.15199515002314,wall,24,,,0.2499353000894189,full
native_trace,,,0.1875,,,0.0703125,,,0.0625,cpu,24,,,0.125,full
native_trace,,0.6999998092651367,,,0.3416666587193807,,,0.2999999523162842,,browser_exec,24,,0.5,,full
native_trace,,3.200000047683716,,,1.25,,,1.149999976158142,,summary_exec,24,,1.5,,full
native_trace,,0.5999999046325684,,,0.2208333412806193,,,0.20000004768371582,,paint,24,,0.2999999523162842,,full
native_trace,391031.0,,,391031.0,,,391031.0,,,full_json_size,24,391031.0,,,full
native_trace,504.0,,,504.0,,,504.0,,,compact_json_size,24,504.0,,,full
native_trace,,,0.01779419998638332,,,0.01206710416590795,,,0.011532550095580518,wall,24,,,0.014033199986442924,compact
native_trace,,,0.015625,,,0.00390625,,,0.0,cpu,24,,,0.015625,compact
native_trace,,0.6000001430511475,,,0.37083332737286884,,,0.3500000238418579,,browser_exec,24,,0.5,,compact
native_trace,,2.700000047683716,,,1.3291666706403096,,,1.25,,summary_exec,24,,2.0,,compact
native_trace,,0.39999985694885254,,,0.23749996225039163,,,0.20000004768371582,,paint,24,,0.3000001907348633,,compact
native_trace,391031.0,,,391031.0,,,391031.0,,,full_json_size,24,391031.0,,,compact
native_trace,504.0,,,504.0,,,504.0,,,compact_json_size,24,504.0,,,compact
