run,stage,variant,n,wall_mean_s,wall_median_s,wall_p90_s,wall_max_s,process_cpu_mean_s,browser_exec_median_ms,summary_exec_median_ms,returned_json_bytes_median,python_json_loads_median_s,evaluate_plus_json_loads_wall_mean_s,evaluate_plus_json_loads_wall_median_s,evaluate_plus_json_loads_wall_p90_s,evaluate_plus_json_loads_wall_max_s,projection_matches_on_stable_pairs,pairs_checked,json_string_deep_equal_n,unstable_pairs
A,reader,full,12,0.010814374991847822,0.01101945003028959,0.012295400025323033,0.013022900093346834,0.00390625,0.5,0.0,13080.0,,0.010814374991847822,0.01101945003028959,0.012295400025323033,0.013022900093346834,12,12,,0
A,reader,compact,12,0.003925308294128627,0.003771050018258393,0.005235099932178855,0.006102300016209483,0.0013020833333333333,0.5499999523162842,0.0,466.0,,0.003925308294128627,0.003771050018258393,0.005235099932178855,0.006102300016209483,12,12,,0
A,trace,full,12,0.19326979166362435,0.20085014996584505,0.22120130015537143,0.2817939000669867,0.078125,0.34999990463256836,1.399999976158142,391028.0,,0.19326979166362435,0.20085014996584505,0.22120130015537143,0.2817939000669867,12,12,12,0
A,trace,compact,12,0.01185414173717921,0.011897650081664324,0.013018100056797266,0.017195300199091434,0.0013020833333333333,0.40000009536743164,1.350000023841858,513.0,,0.01185414173717921,0.011897650081664324,0.013018100056797266,0.017195300199091434,12,12,12,0
A,trace,json_string,12,0.024161308344143134,0.02273809991311282,0.026515900157392025,0.04299749992787838,0.00390625,0.34999990463256836,1.2000000476837158,391028.0,0.003342999960295856,0.0276556916651316,0.026288799941539764,0.03089510020799935,0.049644499784335494,12,12,12,0
B,reader,full,12,0.011114399996586144,0.01054535002913326,0.014051700010895729,0.015748099889606237,0.0013020833333333333,0.5999999046325684,0.0,13080.0,,0.011114399996586144,0.01054535002913326,0.014051700010895729,0.015748099889606237,12,12,,0
B,reader,compact,12,0.0040089166529166205,0.003716349950991571,0.005059099989011884,0.0056825000792741776,0.0,0.5999999046325684,0.0,466.0,,0.0040089166529166205,0.003716349950991571,0.005059099989011884,0.0056825000792741776,12,12,,0
B,trace,full,12,0.16690202503620336,0.15725220006424934,0.18931660009548068,0.2486947001889348,0.07291666666666667,0.35000014305114746,1.100000023841858,390619.0,,0.16690202503620336,0.15725220006424934,0.18931660009548068,0.2486947001889348,12,12,12,0
B,trace,compact,12,0.012080674971609065,0.011910649947822094,0.01492119999602437,0.01666789990849793,0.00390625,0.39999985694885254,1.3000000715255737,513.0,,0.012080674971609065,0.011910649947822094,0.01492119999602437,0.01666789990849793,12,12,12,0
B,trace,json_string,12,0.02127310833505665,0.021027349983341992,0.02295180014334619,0.023538000183179975,0.006510416666666667,0.2999999523162842,1.100000023841858,390619.0,0.002856300096027553,0.024240850005298853,0.024144900031387806,0.025562400231137872,0.027386900270357728,12,12,12,0
