run,sequence,page_class,pipeline,stage,wall_s,cpu_s,start_s,end_s,input_bytes,output_bytes
1,1,first,production_png_intermediate,png_white_composite,0.10877309995703399,0.109375,8.400063961744308e-06,0.1087903999723494,2376879,2193866
1,1,first,production_png_intermediate,webp_method6_with_fallback_png_validation_and_exact_decode,1.2683671000413597,1.28125,0.17879609996452928,1.447178800124675,2193866,1565790
1,1,first,production_png_intermediate,adapter_final_format_redecode_validation,0.038082499988377094,0.046875,1.5074790001381189,1.5455680000595748,1565790,1565790
1,1,first,experimental_direct_rgb,white_composite_to_rgb_bytes,0.04079470015130937,0.046875,1.615898499963805,1.6569421000313014,2376879,3038400
1,1,first,experimental_direct_rgb,webp_method6_encode_vp8l_exact_decode,1.4267692998982966,1.421875,1.7262979000806808,3.1530770000535995,2376879,1565790
1,1,first,experimental_direct_rgb,adapter_final_format_redecode_validation,0.03007229999639094,0.03125,3.22232750011608,3.2524052001535892,1565790,1565790
1,2,normal,production_png_intermediate,png_white_composite,0.11697059986181557,0.125,3.316537900129333,3.4335199999623,2295590,2144362
1,2,normal,production_png_intermediate,webp_method6_with_fallback_png_validation_and_exact_decode,1.3426318001002073,1.328125,3.4999671999830753,4.8426137999631464,2144362,1480314
1,2,normal,production_png_intermediate,adapter_final_format_redecode_validation,0.027591499965637922,0.015625,4.9185866001062095,4.946186400018632,1480314,1480314
1,2,normal,experimental_direct_rgb,white_composite_to_rgb_bytes,0.03235249989666045,0.03125,5.0118792001158,5.044452700065449,2295590,3038400
1,2,normal,experimental_direct_rgb,webp_method6_encode_vp8l_exact_decode,1.0798289999365807,1.078125,5.105223100166768,6.1850599001627415,2295590,1480314
1,2,normal,experimental_direct_rgb,adapter_final_format_redecode_validation,0.02766310004517436,0.03125,6.255362400086597,6.283034299965948,1480314,1480314
1,3,normal,production_png_intermediate,png_white_composite,0.11313890013843775,0.109375,6.347620100015774,6.460766599979252,2445066,2267712
1,3,normal,production_png_intermediate,webp_method6_with_fallback_png_validation_and_exact_decode,1.1197202000766993,1.125,6.532837599981576,7.652574999956414,2267712,1608762
1,3,normal,production_png_intermediate,adapter_final_format_redecode_validation,0.0345428001601249,0.03125,7.718715999973938,7.753263400169089,1608762,1608762
1,3,normal,experimental_direct_rgb,white_composite_to_rgb_bytes,0.03463789983652532,0.015625,7.828113600146025,7.862956900149584,2445066,3038400
1,3,normal,experimental_direct_rgb,webp_method6_encode_vp8l_exact_decode,1.0904795001260936,1.078125,7.936893000034615,9.02737749996595,2445066,1608762
1,3,normal,experimental_direct_rgb,adapter_final_format_redecode_validation,0.028789800126105547,0.03125,9.09145940002054,9.12025610008277,1608762,1608762
1,4,normal,production_png_intermediate,png_white_composite,0.11359810014255345,0.109375,9.185633999994025,9.299237000057474,2280864,2125220
1,4,normal,production_png_intermediate,webp_method6_with_fallback_png_validation_and_exact_decode,1.190928699914366,1.1875,9.37199220014736,10.56292670010589,2125220,1465720
1,4,normal,production_png_intermediate,adapter_final_format_redecode_validation,0.02431269991211593,0.015625,10.636585500091314,10.660905099939555,1465720,1465720
1,4,normal,experimental_direct_rgb,white_composite_to_rgb_bytes,0.03159240004606545,0.03125,10.731432999949902,10.763256400125101,2280864,3038400
1,4,normal,experimental_direct_rgb,webp_method6_encode_vp8l_exact_decode,1.039963399991393,1.03125,10.826549299992621,11.866523300064728,2280864,1465720
1,4,normal,experimental_direct_rgb,adapter_final_format_redecode_validation,0.027873999904841185,0.015625,11.932811300037429,11.96070950012654,1465720,1465720
1,5,normal,production_png_intermediate,png_white_composite,0.07713570003397763,0.0625,12.025559399975464,12.102713500149548,1142427,1645798
1,5,normal,production_png_intermediate,webp_method6_with_fallback_png_validation_and_exact_decode,0.32970559992827475,0.328125,12.166266200132668,12.495982200140134,1645798,696062
1,5,normal,production_png_intermediate,adapter_final_format_redecode_validation,0.014350099954754114,0.015625,12.57056810008362,12.58493350003846,696062,696062
1,5,normal,experimental_direct_rgb,white_composite_to_rgb_bytes,0.022169099887833,0.03125,12.648624800145626,12.671202199999243,1142427,3038400
1,5,normal,experimental_direct_rgb,webp_method6_encode_vp8l_exact_decode,0.27785379998385906,0.28125,12.743346000090241,13.021209000144154,1142427,696062
1,5,normal,experimental_direct_rgb,adapter_final_format_redecode_validation,0.015451000072062016,0.015625,13.086542800068855,13.102001500083134,696062,696062
1,6,normal,production_png_intermediate,png_white_composite,0.07681300002150238,0.078125,13.163722699973732,13.24053980014287,1170385,1681557
1,6,normal,production_png_intermediate,webp_method6_with_fallback_png_validation_and_exact_decode,0.33163119992241263,0.328125,13.303558400133625,13.635213800007477,1681557,736130
1,6,normal,production_png_intermediate,adapter_final_format_redecode_validation,0.013983899960294366,0.015625,13.7091676001437,13.723158000037074,736130,736130
1,6,normal,experimental_direct_rgb,white_composite_to_rgb_bytes,0.02397939981892705,0.03125,13.787397100124508,13.811918399995193,1170385,3038400
1,6,normal,experimental_direct_rgb,webp_method6_encode_vp8l_exact_decode,0.2958567999303341,0.296875,13.882475000107661,14.178338800091296,1170385,736130
1,6,normal,experimental_direct_rgb,adapter_final_format_redecode_validation,0.014002100098878145,0.015625,14.241136800032109,14.255143500166014,736130,736130
1,7,normal,production_png_intermediate,png_white_composite,0.07504389993846416,0.078125,14.319365500006825,14.394435300026089,1010089,1398814
1,7,normal,production_png_intermediate,webp_method6_with_fallback_png_validation_and_exact_decode,0.2808452001772821,0.28125,14.460536499973387,14.741390699986368,1398814,613382
1,7,normal,production_png_intermediate,adapter_final_format_redecode_validation,0.013098099967464805,0.015625,14.805789400124922,14.818905499996617,613382,613382
1,7,normal,experimental_direct_rgb,white_composite_to_rgb_bytes,0.022074300097301602,0.03125,14.883009199984372,14.905309099936858,1010089,3038400
1,7,normal,experimental_direct_rgb,webp_method6_encode_vp8l_exact_decode,0.2388261000160128,0.25,14.977841400075704,15.216675400035456,1010089,613382
1,7,normal,experimental_direct_rgb,adapter_final_format_redecode_validation,0.013201199937611818,0.015625,15.288399700075388,15.301605600165203,613382,613382
1,8,normal,production_png_intermediate,png_white_composite,0.06969160004518926,0.078125,15.366361299995333,15.436060799984261,1005553,1405973
1,8,normal,production_png_intermediate,webp_method6_with_fallback_png_validation_and_exact_decode,0.2607514001429081,0.265625,15.507013499969617,15.767770500155166,1405973,589164
1,8,normal,production_png_intermediate,adapter_final_format_redecode_validation,0.013800000073388219,0.015625,15.834703000029549,15.848511300049722,589164,589164
1,8,normal,experimental_direct_rgb,white_composite_to_rgb_bytes,0.023307499941438437,0.03125,15.9113925001584,15.934991399990395,1005553,3038400
1,8,normal,experimental_direct_rgb,webp_method6_encode_vp8l_exact_decode,0.2586998001206666,0.265625,16.005553500028327,16.264262499986216,1005553,589164
1,8,normal,experimental_direct_rgb,adapter_final_format_redecode_validation,0.014394500060006976,0.015625,16.33397309994325,16.348374899942428,589164,589164
1,9,normal,production_png_intermediate,png_white_composite,0.0726320999674499,0.078125,16.41149180009961,16.484128300100565,934414,1245206
1,9,normal,production_png_intermediate,webp_method6_with_fallback_png_validation_and_exact_decode,0.2749318000860512,0.28125,16.551789900055155,16.826733499998227,1245206,561534
1,9,normal,production_png_intermediate,adapter_final_format_redecode_validation,0.012336299987509847,0.015625,16.89664880000055,16.908989700023085,561534,561534
1,9,normal,experimental_direct_rgb,white_composite_to_rgb_bytes,0.023858100175857544,0.03125,16.974477299954742,16.998704500030726,934414,3038400
1,9,normal,experimental_direct_rgb,webp_method6_encode_vp8l_exact_decode,0.23299149982631207,0.234375,17.06652340013534,17.299524000147358,934414,561534
1,9,normal,experimental_direct_rgb,adapter_final_format_redecode_validation,0.012230799999088049,0.015625,17.36317509994842,17.37540980009362,561534,561534
1,10,normal,production_png_intermediate,png_white_composite,0.07105270004831254,0.078125,17.44006030005403,17.511117700021714,917518,1248621
1,10,normal,production_png_intermediate,webp_method6_with_fallback_png_validation_and_exact_decode,0.25058900006115437,0.234375,17.580797699978575,17.831411800114438,1248621,562014
1,10,normal,production_png_intermediate,adapter_final_format_redecode_validation,0.011146900011226535,0.0,17.905356799950823,17.916513700038195,562014,562014
1,10,normal,experimental_direct_rgb,white_composite_to_rgb_bytes,0.0288052000105381,0.03125,17.982429400086403,18.01152820000425,917518,3038400
1,10,normal,experimental_direct_rgb,webp_method6_encode_vp8l_exact_decode,0.25440269988030195,0.25,18.075828700093552,18.330240600043908,917518,562014
1,10,normal,experimental_direct_rgb,adapter_final_format_redecode_validation,0.012296600034460425,0.0,18.403551900060847,18.415863000089303,562014,562014
1,11,normal,production_png_intermediate,png_white_composite,0.08034350001253188,0.078125,18.481433799955994,18.561785000143573,1106526,1572377
1,11,normal,production_png_intermediate,webp_method6_with_fallback_png_validation_and_exact_decode,0.3737291998695582,0.375,18.62253940012306,18.996279699960724,1572377,690164
1,11,normal,production_png_intermediate,adapter_final_format_redecode_validation,0.012197700096294284,0.0,19.058105899952352,19.07030800008215,690164,690164
1,11,normal,experimental_direct_rgb,white_composite_to_rgb_bytes,0.026111700106412172,0.015625,19.13605189998634,19.162631700048223,1106526,3038400
1,11,normal,experimental_direct_rgb,webp_method6_encode_vp8l_exact_decode,0.31515140016563237,0.3125,19.230229099979624,19.545392000116408,1106526,690164
1,11,normal,experimental_direct_rgb,adapter_final_format_redecode_validation,0.01317439996637404,0.0,19.606252199970186,19.6194325000979,690164,690164
1,12,normal,production_png_intermediate,png_white_composite,0.07174300006590784,0.0625,19.683045000070706,19.754796100081876,945059,1285635
1,12,normal,production_png_intermediate,webp_method6_with_fallback_png_validation_and_exact_decode,0.9822259999345988,0.96875,19.823268200038,20.805499900132418,1285635,556772
1,12,normal,production_png_intermediate,adapter_final_format_redecode_validation,0.013446700060740113,0.015625,20.871569900074974,20.88502119993791,556772,556772
1,12,normal,experimental_direct_rgb,white_composite_to_rgb_bytes,0.019529999932274222,0.015625,20.948959300061688,20.968696099938825,945059,3038400
1,12,normal,experimental_direct_rgb,webp_method6_encode_vp8l_exact_decode,1.0396793000400066,1.03125,21.042150600114837,22.081835800083354,945059,556772
1,12,normal,experimental_direct_rgb,adapter_final_format_redecode_validation,0.013960300013422966,0.015625,22.147726899944246,22.16169590014033,556772,556772
2,1,first,production_png_intermediate,png_white_composite,0.11250039981678128,0.109375,22.22516220016405,22.3376702000387,2376879,2193866
2,1,first,production_png_intermediate,webp_method6_with_fallback_png_validation_and_exact_decode,1.0901411001104861,1.078125,22.410418499959633,23.500565299997106,2193866,1565790
2,1,first,production_png_intermediate,adapter_final_format_redecode_validation,0.027746799867600203,0.015625,23.57228730013594,23.600042399950325,1565790,1565790
2,1,first,experimental_direct_rgb,white_composite_to_rgb_bytes,0.0328967000823468,0.046875,23.665587400086224,23.698803800158203,2376879,3038400
2,1,first,experimental_direct_rgb,webp_method6_encode_vp8l_exact_decode,1.134808300063014,1.140625,23.773686700034887,24.908504500053823,2376879,1565790
2,1,first,experimental_direct_rgb,adapter_final_format_redecode_validation,0.02996820001862943,0.03125,24.981558399973437,25.011532800039276,1565790,1565790
2,2,normal,production_png_intermediate,png_white_composite,0.11906519997864962,0.109375,25.075340799987316,25.194411100121215,2295590,2144362
2,2,normal,production_png_intermediate,webp_method6_with_fallback_png_validation_and_exact_decode,1.295359600102529,1.265625,25.26209450000897,26.557470500003546,2144362,1480314
2,2,normal,production_png_intermediate,adapter_final_format_redecode_validation,0.026783099863678217,0.03125,26.628803400089964,26.655611000023782,1480314,1480314
2,2,normal,experimental_direct_rgb,white_composite_to_rgb_bytes,0.03218510001897812,0.03125,26.722113100113347,26.75486159999855,2295590,3038400
2,2,normal,experimental_direct_rgb,webp_method6_encode_vp8l_exact_decode,1.052400599932298,1.046875,26.81538400007412,27.867789500160143,2295590,1480314
2,2,normal,experimental_direct_rgb,adapter_final_format_redecode_validation,0.025181399891152978,0.015625,27.935295900097117,27.96048240014352,1480314,1480314
2,3,normal,production_png_intermediate,png_white_composite,0.10627159988507628,0.09375,28.02856450015679,28.13484700000845,2445066,2267712
2,3,normal,production_png_intermediate,webp_method6_with_fallback_png_validation_and_exact_decode,1.1094321000855416,1.109375,28.19821329996921,29.3076528001111,2267712,1608762
2,3,normal,production_png_intermediate,adapter_final_format_redecode_validation,0.025388999842107296,0.03125,29.379558300133795,29.404956000158563,1608762,1608762
2,3,normal,experimental_direct_rgb,white_composite_to_rgb_bytes,0.03354429989121854,0.03125,29.47377880010754,29.507893200032413,2445066,3038400
2,3,normal,experimental_direct_rgb,webp_method6_encode_vp8l_exact_decode,1.1546118999831378,1.15625,29.583398699993268,30.738031500019133,2445066,1608762
2,3,normal,experimental_direct_rgb,adapter_final_format_redecode_validation,0.028870000038295984,0.03125,30.80561550008133,30.83449469995685,1608762,1608762
2,4,normal,production_png_intermediate,png_white_composite,0.10057429992593825,0.109375,30.89757480006665,30.99815380014479,2280864,2125220
2,4,normal,production_png_intermediate,webp_method6_with_fallback_png_validation_and_exact_decode,1.459268799982965,1.453125,31.068594800075516,32.527882599970326,2125220,1465720
2,4,normal,production_png_intermediate,adapter_final_format_redecode_validation,0.02996680000796914,0.03125,32.59924850007519,32.62922460003756,1465720,1465720
2,4,normal,experimental_direct_rgb,white_composite_to_rgb_bytes,0.0372876999899745,0.03125,32.69189430004917,32.72966550011188,2280864,3038400
2,4,normal,experimental_direct_rgb,webp_method6_encode_vp8l_exact_decode,1.2881336000282317,1.265625,32.80001590005122,34.08816460007802,2280864,1465720
2,4,normal,experimental_direct_rgb,adapter_final_format_redecode_validation,0.03034029994159937,0.03125,34.15278460015543,34.1831299001351,1465720,1465720
2,5,normal,production_png_intermediate,png_white_composite,0.08503190008923411,0.078125,34.245384600013494,34.3304212000221,1142427,1645798
2,5,normal,production_png_intermediate,webp_method6_with_fallback_png_validation_and_exact_decode,0.39137019985355437,0.390625,34.40141850011423,34.79279560013674,1645798,696062
2,5,normal,production_png_intermediate,adapter_final_format_redecode_validation,0.013462500181049109,0.015625,34.866307999938726,34.879775600042194,696062,696062
2,5,normal,experimental_direct_rgb,white_composite_to_rgb_bytes,0.023310299962759018,0.03125,34.94445320009254,34.96818060008809,1142427,3038400
2,5,normal,experimental_direct_rgb,webp_method6_encode_vp8l_exact_decode,0.3444747000467032,0.34375,35.03748759999871,35.38197820005007,1142427,696062
2,5,normal,experimental_direct_rgb,adapter_final_format_redecode_validation,0.014715299941599369,0.015625,35.45558880013414,35.47030830010772,696062,696062
2,6,normal,production_png_intermediate,png_white_composite,0.09172439994290471,0.09375,35.532808900112286,35.62454260000959,1170385,1681557
2,6,normal,production_png_intermediate,webp_method6_with_fallback_png_validation_and_exact_decode,0.44837939995341003,0.453125,35.688446999993175,36.136839400045574,1681557,736130
2,6,normal,production_png_intermediate,adapter_final_format_redecode_validation,0.017175199929624796,0.015625,36.199259700020775,36.21644200012088,736130,736130
2,6,normal,experimental_direct_rgb,white_composite_to_rgb_bytes,0.027276499895378947,0.015625,36.292265200056136,36.319791899994016,1170385,3038400
2,6,normal,experimental_direct_rgb,webp_method6_encode_vp8l_exact_decode,0.44885300006717443,0.4375,36.385703600011766,36.834563500015065,1170385,736130
2,6,normal,experimental_direct_rgb,adapter_final_format_redecode_validation,0.014392000157386065,0.015625,36.89849489997141,36.91289040003903,736130,736130
2,7,normal,production_png_intermediate,png_white_composite,0.08384189987555146,0.09375,36.97644100012258,37.06029010005295,1010089,1398814
2,7,normal,production_png_intermediate,webp_method6_with_fallback_png_validation_and_exact_decode,0.3388289001304656,0.34375,37.131879599997774,37.47071409993805,1398814,613382
2,7,normal,production_png_intermediate,adapter_final_format_redecode_validation,0.015730699989944696,0.015625,37.53597560012713,37.551710800034925,613382,613382
2,7,normal,experimental_direct_rgb,white_composite_to_rgb_bytes,0.026574100134894252,0.03125,37.6129505999852,37.639954400015995,1010089,3038400
2,7,normal,experimental_direct_rgb,webp_method6_encode_vp8l_exact_decode,0.3355083998758346,0.34375,37.706415800144896,38.04193940013647,1010089,613382
2,7,normal,experimental_direct_rgb,adapter_final_format_redecode_validation,0.015180299989879131,0.015625,38.11466290010139,38.12984980014153,613382,613382
2,8,normal,production_png_intermediate,png_white_composite,0.09466989990323782,0.09375,38.19259040011093,38.28726719995029,1005553,1405973
2,8,normal,production_png_intermediate,webp_method6_with_fallback_png_validation_and_exact_decode,0.3778383999597281,0.375,38.34832890005782,38.72617850010283,1405973,589164
2,8,normal,production_png_intermediate,adapter_final_format_redecode_validation,0.018648299854248762,0.015625,38.79643420013599,38.81508960016072,589164,589164
2,8,normal,experimental_direct_rgb,white_composite_to_rgb_bytes,0.024139600107446313,0.015625,38.88930290006101,38.91362649993971,1005553,3038400
2,8,normal,experimental_direct_rgb,webp_method6_encode_vp8l_exact_decode,0.3116685999557376,0.3125,38.985336099984124,39.29701120010577,1005553,589164
2,8,normal,experimental_direct_rgb,adapter_final_format_redecode_validation,0.019249300006777048,0.015625,39.35957009997219,39.378823900129646,589164,589164
2,9,normal,production_png_intermediate,png_white_composite,0.09270039992406964,0.09375,39.453245300101116,39.5459493000526,934414,1245206
2,9,normal,production_png_intermediate,webp_method6_with_fallback_png_validation_and_exact_decode,0.4243071998935193,0.421875,39.61110990005545,40.035424900008366,1245206,561534
2,9,normal,production_png_intermediate,adapter_final_format_redecode_validation,0.012907200027257204,0.015625,40.10837240004912,40.121285300003365,561534,561534
2,9,normal,experimental_direct_rgb,white_composite_to_rgb_bytes,0.02844349993392825,0.03125,40.18655850016512,40.21519190003164,934414,3038400
2,9,normal,experimental_direct_rgb,webp_method6_encode_vp8l_exact_decode,0.36982200015336275,0.359375,40.27952959993854,40.649357500020415,934414,561534
2,9,normal,experimental_direct_rgb,adapter_final_format_redecode_validation,0.013999699847772717,0.015625,40.72083210013807,40.734837300144136,561534,561534
2,10,normal,production_png_intermediate,png_white_composite,0.08331310003995895,0.078125,40.799932500114664,40.883249799953774,917518,1248621
2,10,normal,production_png_intermediate,webp_method6_with_fallback_png_validation_and_exact_decode,0.3086751999799162,0.3125,40.95607449999079,41.264759900048375,1248621,562014
2,10,normal,production_png_intermediate,adapter_final_format_redecode_validation,0.013019999954849482,0.015625,41.331614300142974,41.344638200011104,562014,562014
2,10,normal,experimental_direct_rgb,white_composite_to_rgb_bytes,0.026200999971479177,0.03125,41.4087986999657,41.435324700083584,917518,3038400
2,10,normal,experimental_direct_rgb,webp_method6_encode_vp8l_exact_decode,0.2745488998480141,0.28125,41.50193800008856,41.77649309998378,917518,562014
2,10,normal,experimental_direct_rgb,adapter_final_format_redecode_validation,0.014996200101450086,0.015625,41.84709389996715,41.86209660000168,562014,562014
2,11,normal,production_png_intermediate,png_white_composite,0.08941240003332496,0.078125,41.92616769997403,42.01558480015956,1106526,1572377
2,11,normal,production_png_intermediate,webp_method6_with_fallback_png_validation_and_exact_decode,0.401785199996084,0.40625,42.081710200058296,42.483506800141186,1572377,690164
2,11,normal,production_png_intermediate,adapter_final_format_redecode_validation,0.01805299986153841,0.015625,42.54938270011917,42.56744200014509,690164,690164
2,11,normal,experimental_direct_rgb,white_composite_to_rgb_bytes,0.02801880007609725,0.03125,42.62803340004757,42.65669870004058,1106526,3038400
2,11,normal,experimental_direct_rgb,webp_method6_encode_vp8l_exact_decode,0.35401330003514886,0.359375,42.721531900111586,43.07559270015918,1106526,690164
2,11,normal,experimental_direct_rgb,adapter_final_format_redecode_validation,0.017376599833369255,0.015625,43.13972620014101,43.15710970014334,690164,690164
2,12,normal,production_png_intermediate,png_white_composite,0.08137939986772835,0.078125,43.231733000138775,43.31312209996395,945059,1285635
2,12,normal,production_png_intermediate,webp_method6_with_fallback_png_validation_and_exact_decode,1.2206001000013202,1.203125,43.38737630005926,44.60798390000127,1285635,556772
2,12,normal,production_png_intermediate,adapter_final_format_redecode_validation,0.020805800100788474,0.015625,44.6748025000561,44.69561280007474,556772,556772
2,12,normal,experimental_direct_rgb,white_composite_to_rgb_bytes,0.02684539998881519,0.03125,44.76679140003398,44.79382190015167,945059,3038400
2,12,normal,experimental_direct_rgb,webp_method6_encode_vp8l_exact_decode,1.1682371001224965,1.171875,44.85886909998953,46.02711950009689,945059,556772
2,12,normal,experimental_direct_rgb,adapter_final_format_redecode_validation,0.01720170001499355,0.015625,46.10257350001484,46.11978180008009,556772,556772
