run,sequence,page_class,stage,wall_s,cpu_s,start_s,end_s,input_bytes,output_bytes
1,1,first,png_white_composite,0.10196180013008416,0.109375,8.09994526207447e-06,0.10197560000233352,2376879,2193866
1,1,first,webp_method6_with_fallback_png_validation_and_exact_decode,1.1190010998398066,1.109375,0.1019796000327915,1.2209880999289453,2193866,1565790
1,1,first,adapter_final_format_redecode_validation,0.02420919993892312,0.03125,1.2210053000599146,1.245220199925825,1565790,1565790
1,2,normal,png_white_composite,0.13129630009643734,0.125,1.2454128998797387,1.3767156000249088,2295590,2144362
1,2,normal,webp_method6_with_fallback_png_validation_and_exact_decode,1.1510451000649482,1.15625,1.3767198999412358,2.527777299983427,2144362,1480314
1,2,normal,adapter_final_format_redecode_validation,0.02628059987910092,0.03125,2.527865800075233,2.5541657998692244,1480314,1480314
1,3,normal,png_white_composite,0.11106329993344843,0.109375,2.554343800060451,2.6654151999391615,2445066,2267712
1,3,normal,webp_method6_with_fallback_png_validation_and_exact_decode,1.1727316998876631,1.171875,2.6654195999726653,3.838156000012532,2267712,1608762
1,3,normal,adapter_final_format_redecode_validation,0.02732510003261268,0.015625,3.8382109999656677,3.865555000025779,1608762,1608762
1,4,normal,png_white_composite,0.10027600009925663,0.109375,3.865668799960986,3.965952099999413,2280864,2125220
1,4,normal,webp_method6_with_fallback_png_validation_and_exact_decode,1.2409059000201523,1.234375,3.9659567000344396,5.206867099972442,2125220,1465720
1,4,normal,adapter_final_format_redecode_validation,0.026752399979159236,0.03125,5.206933100009337,5.2336949000600725,1465720,1465720
1,5,normal,png_white_composite,0.07228529988788068,0.078125,5.233934700023383,5.306228099856526,1142427,1645798
1,5,normal,webp_method6_with_fallback_png_validation_and_exact_decode,0.3036121998447925,0.296875,5.306232800008729,5.609849599888548,1645798,696062
1,5,normal,adapter_final_format_redecode_validation,0.01252250000834465,0.015625,5.609897600021213,5.622428799979389,696062,696062
1,6,normal,png_white_composite,0.08112130011431873,0.078125,5.622515599941835,5.703644699882716,1170385,1681557
1,6,normal,webp_method6_with_fallback_png_validation_and_exact_decode,0.3486800000537187,0.34375,5.703653099946678,6.052344799973071,1681557,736130
1,6,normal,adapter_final_format_redecode_validation,0.011597600067034364,0.015625,6.052521599922329,6.064125099917874,736130,736130
1,7,normal,png_white_composite,0.0749380998313427,0.078125,6.064170900033787,6.139116199919954,1010089,1398814
1,7,normal,webp_method6_with_fallback_png_validation_and_exact_decode,0.29767100000754,0.296875,6.139119799947366,6.436798699898645,1398814,613382
1,7,normal,adapter_final_format_redecode_validation,0.010391199961304665,0.015625,6.4370464000385255,6.447442000033334,613382,613382
1,8,normal,png_white_composite,0.0702309999614954,0.0625,6.447514900006354,6.517754399916157,1005553,1405973
1,8,normal,webp_method6_with_fallback_png_validation_and_exact_decode,0.2882299998309463,0.296875,6.517760700080544,6.805995000060648,1405973,589164
1,8,normal,adapter_final_format_redecode_validation,0.012831700034439564,0.0,6.806116899941117,6.818953299894929,589164,589164
1,9,normal,png_white_composite,0.07285759993828833,0.078125,6.818998500006273,6.8918723000679165,934414,1245206
1,9,normal,webp_method6_with_fallback_png_validation_and_exact_decode,0.3024186999537051,0.296875,6.891883600037545,7.1943067999091,1245206,561534
1,9,normal,adapter_final_format_redecode_validation,0.012200600001960993,0.015625,7.194377099862322,7.2065826000180095,561534,561534
1,10,normal,png_white_composite,0.07936919992789626,0.078125,7.206633599940687,7.286018599988893,917518,1248621
1,10,normal,webp_method6_with_fallback_png_validation_and_exact_decode,0.2874970000702888,0.296875,7.2860270999372005,7.573529100045562,1248621,562014
1,10,normal,adapter_final_format_redecode_validation,0.011269500013440847,0.0,7.573617700021714,7.584892699960619,562014,562014
1,11,normal,png_white_composite,0.07686449983157218,0.078125,7.584981600055471,7.661850600037724,1106526,1572377
1,11,normal,webp_method6_with_fallback_png_validation_and_exact_decode,0.3156838999129832,0.328125,7.661853099940345,7.977544199908152,1572377,690164
1,11,normal,adapter_final_format_redecode_validation,0.012056900188326836,0.0,7.97766079986468,7.989727699896321,690164,690164
1,12,normal,png_white_composite,0.07149009988643229,0.078125,7.989787200000137,8.061288199853152,945059,1285635
1,12,normal,webp_method6_with_fallback_png_validation_and_exact_decode,0.958759400062263,0.953125,8.061293700011447,9.020060800015926,1285635,556772
1,12,normal,adapter_final_format_redecode_validation,0.013853100128471851,0.015625,9.020192199852318,9.034055199939758,556772,556772
2,1,first,png_white_composite,0.10944589995779097,0.109375,9.034131899941713,9.143600099952891,2376879,2193866
2,1,first,webp_method6_with_fallback_png_validation_and_exact_decode,1.4346688000950962,1.4375,9.143611799925566,10.578286800067872,2193866,1565790
2,1,first,adapter_final_format_redecode_validation,0.03922209981828928,0.046875,10.578487500082701,10.617713999934494,1565790,1565790
2,2,normal,png_white_composite,0.11480360012501478,0.109375,10.617778199957684,10.732589799910784,2295590,2144362
2,2,normal,webp_method6_with_fallback_png_validation_and_exact_decode,1.5513734000269324,1.546875,10.73259579995647,12.283973699901253,2144362,1480314
2,2,normal,adapter_final_format_redecode_validation,0.025050099939107895,0.03125,12.28403940005228,12.309093799907714,1480314,1480314
2,3,normal,png_white_composite,0.11467489995993674,0.109375,12.309139099903405,12.423824799945578,2445066,2267712
2,3,normal,webp_method6_with_fallback_png_validation_and_exact_decode,1.230857599992305,1.234375,12.423831299878657,13.654693699907511,2267712,1608762
2,3,normal,adapter_final_format_redecode_validation,0.02738719992339611,0.03125,13.654743500053883,13.682138900039718,1608762,1608762
2,4,normal,png_white_composite,0.10770689998753369,0.109375,13.68220190005377,13.789913600077853,2280864,2125220
2,4,normal,webp_method6_with_fallback_png_validation_and_exact_decode,1.1428227999713272,1.140625,13.789916299981996,14.932745900005102,2125220,1465720
2,4,normal,adapter_final_format_redecode_validation,0.025070100091397762,0.015625,14.93283069995232,14.957905400078744,1465720,1465720
2,5,normal,png_white_composite,0.07085959985852242,0.078125,14.957981100073084,15.028845299966633,1142427,1645798
2,5,normal,webp_method6_with_fallback_png_validation_and_exact_decode,0.3318248998839408,0.328125,15.028848699992523,15.360677900025621,1645798,696062
2,5,normal,adapter_final_format_redecode_validation,0.013177599990740418,0.015625,15.36073029995896,15.373912299983203,696062,696062
2,6,normal,png_white_composite,0.08019859995692968,0.078125,15.373951999936253,15.454168299911544,1170385,1681557
2,6,normal,webp_method6_with_fallback_png_validation_and_exact_decode,0.38073490001261234,0.390625,15.45417739986442,15.83491660002619,1681557,736130
2,6,normal,adapter_final_format_redecode_validation,0.01107800006866455,0.0,15.83499679993838,15.84608000004664,736130,736130
2,7,normal,png_white_composite,0.07349670003168285,0.078125,15.846138600027189,15.919639999978244,1010089,1398814
2,7,normal,webp_method6_with_fallback_png_validation_and_exact_decode,0.4076174001675099,0.40625,15.919642899883911,16.32726539997384,1398814,613382
2,7,normal,adapter_final_format_redecode_validation,0.011161200003698468,0.015625,16.327386799966916,16.338554699905217,613382,613382
2,8,normal,png_white_composite,0.07376309996470809,0.0625,16.33866210002452,16.412432899931446,1005553,1405973
2,8,normal,webp_method6_with_fallback_png_validation_and_exact_decode,0.31745060021057725,0.328125,16.41243779985234,16.72989259986207,1405973,589164
2,8,normal,adapter_final_format_redecode_validation,0.01204110006801784,0.015625,16.72996379993856,16.7420121000614,589164,589164
2,9,normal,png_white_composite,0.07475289981812239,0.0625,16.742085800040513,16.816855299985036,934414,1245206
2,9,normal,webp_method6_with_fallback_png_validation_and_exact_decode,0.3196477999445051,0.328125,16.816866900073364,17.13652199995704,1245206,561534
2,9,normal,adapter_final_format_redecode_validation,0.013302600011229515,0.015625,17.136640599928796,17.149950599996373,561534,561534
2,10,normal,png_white_composite,0.07367810001596808,0.0625,17.150032999925315,17.22371939988807,917518,1248621
2,10,normal,webp_method6_with_fallback_png_validation_and_exact_decode,0.2738524000160396,0.28125,17.22372390003875,17.497585200006142,1248621,562014
2,10,normal,adapter_final_format_redecode_validation,0.010633300058543682,0.015625,17.49773299996741,17.508373700082302,562014,562014
2,11,normal,png_white_composite,0.078335199970752,0.078125,17.508467599982396,17.586819999851286,1106526,1572377
2,11,normal,webp_method6_with_fallback_png_validation_and_exact_decode,0.3302406999282539,0.328125,17.586829399922863,17.917077699908987,1572377,690164
2,11,normal,adapter_final_format_redecode_validation,0.012750399997457862,0.015625,17.91718339989893,17.929941599955782,690164,690164
2,12,normal,png_white_composite,0.07151419995352626,0.0625,17.93001820007339,18.00153940008022,945059,1285635
2,12,normal,webp_method6_with_fallback_png_validation_and_exact_decode,0.9739622001070529,0.984375,18.001543799880892,18.975515600061044,1285635,556772
2,12,normal,adapter_final_format_redecode_validation,0.014018099987879395,0.0,18.97565390006639,18.989676399854943,556772,556772
